sigla,Pais,Ano,ipc,politico,regulatorio,negocio,sof_mercado,sof_negocio,idh,imprensa
AR,Argentina,2013,34,59.8,43.2,49.1,37.3,34.2,0.825,25.67
BR,Brazil,2013,42,56.9,67.9,36.6,44.9,38,0.747,32.75
CA,Canada,2013,81,89.3,95,95.4,78.8,49.3,0.912,12.69
CL,Chile,2013,71,74.7,74,68,52.5,36.4,0.841,26.24
CO,Colombia,2013,36,47.7,66,74.9,45.8,34.9,0.72,37.48
CR,Costa Rica,2013,53,72.3,69.5,51.2,41.9,37.2,0.768,12.08
DO,Dominican Republic,2013,29,54.3,49.6,54.6,42.9,28.4,0.712,26.61
EC,Ecuador,2013,35,45.7,36,48.3,41.1,23.8,0.737,34.69
SV,El Salvador,2013,38,60.5,57.5,55.7,41.3,29.1,0.676,22.86
GT,Guatemala,2013,29,46.1,47.4,53.6,49.2,35.3,0.614,28.46
HN,Honduras,2013,26,47.2,44.9,49.9,44.4,30.2,0.618,24.09
JM,Jamaica,2013,38,65.7,67.4,70.2,38.9,27,0.727,26.11
MX,Mexico,2013,34,50.3,59.2,75.8,45.6,28.9,0.754,26.76
PA,Panama,2013,35,57.2,66.2,53.1,39.6,40.6,0.78,43.09
PY,Paraguay,2013,24,45.1,48,51.3,44.7,26,0.688,22.97
PE,Peru,2013,38,50.5,69.9,64,52.9,33.4,0.735,31.87
US,United States,2013,73,79.3,94.6,84.2,87.1,59.2,0.916,18.22
UY,Uruguay,2013,73,75.8,68.8,65.3,37.4,30.6,0.791,15.92
AU,Australia,2013,81,86.1,94.5,87.5,72.7,48.2,0.936,15.24
BD,Bangladesh,2013,27,34.1,40.9,60.9,35.6,17.8,0.57,42.01
KH,Cambodia,2013,20,43.8,52.9,47.2,42,27.1,0.553,41.81
CN,China,2013,40,39.2,50.3,55.5,54.2,42.9,0.723,73.07
IN,India,2013,36,44.4,63.6,47.7,49.5,28.3,0.607,26.09
ID,Indonesia,2013,32,45.6,17.7,48.5,41.2,25,0.682,41.22
JP,Japan,2013,74,80,88.6,81.9,69.7,47.4,0.899,9.88
MY,Malaysia,2013,50,64.3,66,76.6,61,45.9,0.783,28.62
MN,Mongolia,2013,38,57.1,69.8,60.7,58,34,0.729,26.01
NP,Nepal,2013,31,36.7,43.6,57.3,35.9,27.4,0.551,12.5
NZ,New Zealand,2013,91,94,99.5,91.6,70.7,45.6,0.91,6.52
PK,Pakistan,2013,28,21.6,44.9,54.3,29.6,21.1,0.542,60.39
PH,Philippines,2013,36,42.5,49.5,42.6,41.7,27.5,0.676,31.87
SG,Singapore,2013,86,83.3,97.5,95.9,77.6,69.2,0.922,43.43
LK,Sri Lanka,2013,37,44.1,23.1,60.1,40.6,22.1,0.76,56.59
TH,Thailand,2013,35,47.9,46,68.3,53.5,33.4,0.737,38.6
AL,Albania,2013,31,53.9,59.8,62.9,56.8,21.4,0.761,30.88
AM,Armenia,2013,36,57.3,70.2,69.6,50,29.3,0.739,28.04
AZ,Azerbaijan,2013,28,40.4,52,65.7,48.4,23.7,0.752,47.73
BY,Belarus,2013,29,39.7,45.3,66.2,50.4,27.3,0.796,48.35
BA,Bosnia and Herzegovina,2013,42,44.9,70.6,56.1,48.1,41,0.742,26.86
HR,Croatia,2013,48,68.8,71.9,66.7,46.5,36.7,0.82,26.61
GE,Georgia,2013,49,57,77.4,73.9,54.5,28,0.759,45.09
KZ,Kazakhstan,2013,26,46,67.5,73.9,43,28.9,0.789,38.47
KG,Kyrgyzstan,2013,24,43.2,55,49,49.4,24,0.656,27.8
ME,Montenegro,2013,44,62.3,70.8,70.5,57.3,32.4,0.803,29.93
RS,Serbia,2013,42,55.3,72,56.3,41.4,31.2,0.771,26.59
TJ,Tajikistan,2013,22,39.5,52.2,48.8,48.3,20.6,0.622,35.71
TR,Turkey,2013,50,48.8,55.6,63.1,47.5,25.7,0.759,46.56
UA,Ukraine,2013,25,47.2,59.7,47.3,44,30.2,0.746,36.79
AT,Austria,2013,69,89.9,95.6,80,60.1,45.2,0.892,9.4
BE,Belgium,2013,75,86.3,92.1,86.3,57.9,53.3,0.89,12.94
BG,Bulgaria,2013,41,61.2,77.2,65.5,43.9,32.2,0.787,28.58
CY,Cyprus,2013,63,82,89.3,81,65.3,32.1,0.85,13.83
CZ,Czech Republic,2013,48,83.2,76.9,68.1,48.9,47.5,0.871,10.17
DK,Denmark,2013,91,94.7,99.7,91.6,74.6,47.5,0.926,7.08
EE,Estonia,2013,68,80.9,86.3,67.3,51,46.8,0.86,9.26
FI,Finland,2013,89,97.9,96.8,91.2,63.2,50,0.89,6.38
FR,France,2013,71,78.4,87.6,70.9,63.1,46.1,0.89,21.6
DE,Germany,2013,78,85.8,81.3,80.3,62.8,45.9,0.92,10.24
GR,Greece,2013,40,62.5,73.5,67.3,48.8,30.1,0.862,17.27
HU,Hungary,2013,54,72,80.8,67.6,43.3,41.3,0.834,26.16
IS,Iceland,2013,78,89.7,90,85.9,53.9,46.7,0.915,10.06
IE,Ireland,2013,72,86,96.9,93,73.2,53.8,0.91,73.4
IT,Italy,2013,43,68.3,81.9,70.7,54.7,44.1,0.877,32.97
LV,Latvia,2013,53,69.2,84.1,78.3,57.6,42,0.822,28.36
LT,Lithuania,2013,57,73.4,68.9,72,50.7,33,0.841,7.35
LU,Luxembourg,2013,80,92.7,84.8,73.1,56.9,53.4,0.892,18.24
MT,Malta,2013,56,79.2,91.8,66.1,47.5,50.1,0.847,30.03
NL,Netherlands,2013,83,91.5,97.9,88.9,69.2,52.9,0.923,28.78
NO,Norway,2013,86,93.1,95.5,91.5,62.5,45.2,0.945,34.11
PL,Poland,2013,60,78.9,74.6,69.7,50.5,38.6,0.85,43.11
PT,Portugal,2013,62,77.2,59.3,82.1,59,33.7,0.837,13.11
RO,Romania,2013,43,59.5,79.2,60.1,43.7,31.8,0.797,23.05
SK,Slovakia,2013,47,79.5,81.7,71,49.1,33.4,0.841,13.25
SI,Slovenia,2013,57,77.3,82.1,75.8,50.9,42.3,0.888,20.49
ES,Spain,2013,59,71.8,80,80.3,72.2,37.2,0.877,20.5
SE,Sweden,2013,89,93.3,92.8,83.6,71.8,52,0.906,9.23
CH,Switzerland,2013,85,92.7,94.6,74.6,77.5,55.3,0.936,9.94
GB,United Kingdom,2013,76,79.7,95.7,89.9,84.6,52.3,0.904,16.89
DZ,Algeria,2013,36,39,51.7,50.8,38.4,17.7,0.741,36.54
BH,Bahrain,2013,48,48,81.8,80,47.6,37.5,0.82,62.75
EG,Egypt,2013,32,35.9,40.2,55.6,35.8,27.4,0.686,48.66
IL,Israel,2013,61,57.6,70.1,69.5,69.8,54.6,0.895,8.49
JO,Jordan,2013,45,52.4,77.4,65.3,46.5,36.8,0.737,25.17
KW,Kuwait,2013,43,61.1,57.8,65.3,45.4,24,0.787,28.47
LB,Lebanon,2013,28,42.5,69.1,62,48.1,38.5,0.763,22.89
MA,Morocco,2013,37,49.3,59.4,64.3,41.5,19,0.64,23.3
OM,Oman,2013,47,63.3,80.9,70.4,44.1,31.1,0.796,19.72
QA,Qatar,2013,68,74.7,67,79.6,47.4,40.1,0.854,16.75
SA,Saudi Arabia,2013,46,42.8,63.2,69.3,53.5,37.2,0.841,56.88
TN,Tunisia,2013,41,53.1,68.2,68.9,38.3,25.2,0.722,39.93
AE,United Arab Emirates,2013,69,73.5,79.9,73.2,47.3,47.3,0.832,33.49
YE,Yemen,2013,18,16,41.1,54.7,34.3,11.1,0.5,69.22
BW,Botswana,2013,64,73.9,68.1,72.5,44.2,30,0.697,22.91
BF,Burkina Faso,2013,38,51,68.3,52.1,34.4,28.4,0.398,23.7
CM,Cameroon,2013,25,43.5,54.7,42.5,34.1,22,0.507,34.78
ET,Ethiopia,2013,33,37.9,51.7,50.2,39.3,22.2,0.435,39.57
GN,Guinea,2013,24,36.5,57.7,33.5,27.6,25.5,0.412,29.39
KE,Kenya,2013,27,43.3,58.5,52.8,50.7,31.9,0.546,55.08
MG,Madagascar,2013,28,43.5,60.7,61.7,36.6,18.7,0.509,34.27
MW,Malawi,2013,37,54.3,59.7,53.9,35.9,27,0.466,42.73
ML,Mali,2013,28,44.8,62.5,48.5,31.4,26.2,0.43,31.1
MU,Mauritius,2013,52,73.4,82.9,75,57.1,27.3,0.769,39.04
MZ,Mozambique,2013,30,56.1,38.2,54.9,41.2,36.4,0.409,32.97
NE,Niger,2013,34,47.2,65.4,41.8,34.6,21.6,0.345,28.31
NG,Nigeria,2013,25,30.7,53.1,49,38.9,19.3,0.521,23.08
RW,Rwanda,2013,53,49.9,66.3,61.9,46.4,27,0.488,55.46
SN,Senegal,2013,41,53,64,47.1,35.5,24.5,0.483,26.19
ZA,South Africa,2013,42,63.5,76.4,70.4,66,31.5,0.66,24.56
TG,Togo,2013,29,44.4,56.8,44.3,43.7,18.7,0.475,28.45
UG,Uganda,2013,26,44,70,56.8,43.3,23.1,0.483,41.51
ZM,Zambia,2013,38,56.8,25.5,64.2,46.1,21.3,0.57,27.93
AR,Argentina,2014,34,58.6,40.2,48.5,37.7,32.9,0.826,25.27
BR,Brazil,2014,43,57.4,66.2,38.2,45.2,39.3,0.754,34.03
CA,Canada,2014,81,89.1,94.9,94.1,75.9,48,0.919,10.99
CL,Chile,2014,73,74.1,73.8,67.3,53.3,36.6,0.845,25.8
CO,Colombia,2014,37,45,64.9,71.4,51.8,30.8,0.724,36.68
CR,Costa Rica,2014,54,74.3,70,55.9,40.7,35.9,0.775,12.23
DO,Dominican Republic,2014,32,56.4,49.8,53.9,50.4,29.9,0.718,27.17
EC,Ecuador,2014,33,47.8,35.2,47.9,43.7,23.8,0.739,31.16
SV,El Salvador,2014,39,61.7,55.8,54.6,43.1,31.8,0.678,21.57
GT,Guatemala,2014,32,46.9,46,80.4,49.5,30.7,0.637,36.61
HN,Honduras,2014,29,46.9,42,49.3,48.9,32.9,0.623,37.14
JM,Jamaica,2014,38,66.2,66.4,71,44.6,31.5,0.729,10.9
MX,Mexico,2014,35,51.1,59,75.2,46.9,29.9,0.758,45.04
PA,Panama,2014,37,59.4,64.6,55,44.1,37.7,0.785,30.2
PY,Paraguay,2014,24,44.4,47.5,51.8,50.2,29.1,0.692,31.81
PE,Peru,2014,38,49.8,69.3,64.2,58.5,29.1,0.737,31.7
US,United States,2014,74,81.4,93.2,84,83.8,53.7,0.918,23.49
UY,Uruguay,2014,73,73.3,67.3,65.5,40,24.7,0.794,16.08
AU,Australia,2014,80,86.3,93.7,86.9,68.1,43.9,0.937,16.91
BD,Bangladesh,2014,25,36.5,38.2,61.1,44.1,14.9,0.575,42.58
KH,Cambodia,2014,21,46.4,53.5,40.1,55.8,26.7,0.558,40.97
CN,China,2014,36,40.1,49.3,55.5,50.5,41.8,0.734,72.91
IN,India,2014,38,43.3,62.2,47,51.2,28,0.615,40.34
ID,Indonesia,2014,34,47.9,17.9,48.5,45.3,22.8,0.686,38.15
JP,Japan,2014,76,80.5,90.2,81.7,66.8,46.8,0.902,26.02
MY,Malaysia,2014,52,63.6,64.9,76.2,63.9,42.9,0.787,42.73
MN,Mongolia,2014,39,56.9,69.4,61.1,57.2,35.2,0.733,30.3
NP,Nepal,2014,29,37.2,43.8,57.3,43.1,31.3,0.555,36.16
NZ,New Zealand,2014,91,93.1,98.7,91.1,68.9,41.5,0.913,8.55
PK,Pakistan,2014,29,22.8,43.5,53.9,35.8,19.3,0.548,51.46
PH,Philippines,2014,38,45.7,50.1,53,44.8,25.1,0.679,43.69
SG,Singapore,2014,84,84.5,98.8,95,78.2,66.7,0.924,44.29
LK,Sri Lanka,2014,38,42.1,22.3,58.3,40.2,19.8,0.764,59.13
TH,Thailand,2014,38,48,46,69.2,56.9,34.9,0.738,37.94
AL,Albania,2014,33,54.8,58.1,63.7,61.9,24.9,0.762,29.92
AM,Armenia,2014,37,60.1,70.2,68.9,50.4,28.8,0.741,29.07
AZ,Azerbaijan,2014,29,40.4,51.5,68.2,59.9,20.1,0.758,52.87
BY,Belarus,2014,31,44.6,46.6,65,46,24.9,0.798,47.82
BA,Bosnia and Herzegovina,2014,39,51.4,70.6,56.5,51.9,37.9,0.747,26.86
HR,Croatia,2014,48,70.9,71,67.4,42.5,32.5,0.823,26.82
GE,Georgia,2014,52,58.4,78,72.8,55.2,23.9,0.768,29.78
KZ,Kazakhstan,2014,29,43.5,66,73.9,44.1,26.4,0.793,54.94
KG,Kyrgyzstan,2014,27,45,54.2,59.6,53.6,22.4,0.662,31.24
ME,Montenegro,2014,42,63.6,70.6,70.2,50.6,34.4,0.804,34.78
RS,Serbia,2014,41,57.1,70.6,55.3,37,29.7,0.775,25.05
TJ,Tajikistan,2014,23,39.1,51.6,47.7,61.3,12.6,0.625,34.86
TR,Turkey,2014,45,47.2,54.9,62.7,49.1,25.4,0.764,45.87
UA,Ukraine,2014,26,50.6,59.3,48.8,45.1,29.1,0.748,36.93
AT,Austria,2014,72,90.4,96.4,79.5,57.2,45.5,0.892,10.01
BE,Belgium,2014,76,86,91.4,86.2,58.5,46.5,0.895,12.8
BG,Bulgaria,2014,43,63.2,76.5,65.7,44.2,35.1,0.792,31.42
CY,Cyprus,2014,63,81.7,88.5,80.3,64.4,33.8,0.854,14.45
CZ,Czech Republic,2014,51,82.1,75.4,71,49.1,46.2,0.875,10.07
DK,Denmark,2014,92,91.4,98.2,91.3,67.8,45.6,0.923,7.43
EE,Estonia,2014,69,79.2,85.8,70.7,55.4,46.3,0.863,9.63
FI,Finland,2014,89,97.7,96.9,91.2,61.4,54.8,0.893,6.4
FR,France,2014,69,78,87,70.7,61,47.4,0.894,21.89
DE,Germany,2014,79,85.8,81.5,81,60.1,46.1,0.924,10.23
GR,Greece,2014,43,60.2,71.8,67.7,47.9,30.6,0.865,31.33
HU,Hungary,2014,54,71.1,78.8,67,42.1,37.2,0.834,26.73
IS,Iceland,2014,79,89.2,90.1,86.4,54.1,44.4,0.919,8.5
IE,Ireland,2014,74,86.7,91.7,92.8,70.3,57.4,0.92,10.87
IT,Italy,2014,43,67.9,81.1,70.7,51,40,0.881,23.75
LV,Latvia,2014,55,72.1,83.9,74.2,54,38.2,0.828,21.1
LT,Lithuania,2014,58,76.2,69.9,74,52.1,32.2,0.846,19.2
LU,Luxembourg,2014,82,92.3,83.7,72.8,49.7,60.8,0.896,6.7
MT,Malta,2014,55,80.6,91.6,65.5,48.9,45.5,0.853,23.84
NL,Netherlands,2014,83,92.3,97.2,90.4,63.6,51.3,0.923,6.46
NO,Norway,2014,86,94.2,96.5,91.6,57.9,43.2,0.948,6.52
PL,Poland,2014,61,78.8,74.4,71.1,48.2,33.7,0.852,11.03
PT,Portugal,2014,63,78.6,71.1,82.2,53.2,34.5,0.841,17.73
RO,Romania,2014,43,58.9,77.4,61.2,42.9,27.3,0.798,23.48
SK,Slovakia,2014,50,80.5,72.9,70.1,48.6,34.2,0.842,11.39
SI,Slovenia,2014,58,78.6,81.8,75.8,51.1,39.9,0.888,20.38
ES,Spain,2014,60,71.8,77.7,75,64.7,35.2,0.882,20.63
SE,Sweden,2014,87,92.5,93,83.7,68.2,53.9,0.909,8.98
CH,Switzerland,2014,86,93.7,95,74.2,74.7,54.2,0.938,10.47
GB,United Kingdom,2014,78,80.2,95.7,90,81.4,50.2,0.908,19.93
DZ,Algeria,2014,36,40.8,50.5,50.2,36.2,17.2,0.743,36.26
BH,Bahrain,2014,49,43.5,80.2,80.1,48.5,35.7,0.823,58.26
EG,Egypt,2014,37,33.7,38.5,54,35.4,28.9,0.688,51.89
IL,Israel,2014,60,60.3,68.1,74.6,67.5,58.2,0.898,31.19
JO,Jordan,2014,49,51.5,77.5,64,39.9,37.8,0.741,40.42
KW,Kuwait,2014,44,60.2,55.9,64.6,47,27.7,0.799,30.71
LB,Lebanon,2014,27,42.3,67.1,64.9,44.6,39.1,0.763,31.89
MA,Morocco,2014,39,51.7,59.1,68,42.8,18.2,0.645,39.72
OM,Oman,2014,45,61.2,80.9,70.3,48.1,27.2,0.795,38.83
QA,Qatar,2014,69,76.2,70.8,79.5,46.3,43.4,0.855,34.32
SA,Saudi Arabia,2014,49,46.4,64.6,69.1,59,37.6,0.845,58.3
TN,Tunisia,2014,40,49.5,67.4,68.6,39.9,22.1,0.723,38.69
AE,United Arab Emirates,2014,70,75,82,72.9,46.2,40.3,0.836,36.03
YE,Yemen,2014,19,14.6,41.1,54.1,40.7,12.7,0.499,67.26
BW,Botswana,2014,63,74.1,69.1,71.3,49.5,24.5,0.698,22.91
BF,Burkina Faso,2014,38,50.3,67.6,51.6,40.4,31,0.399,24.45
CM,Cameroon,2014,27,44.5,53.3,42.6,45,23.3,0.514,38.13
ET,Ethiopia,2014,33,39.2,51.1,55.7,41,25.6,0.441,40.58
GN,Guinea,2014,25,37.6,57.3,33,32.5,26.3,0.414,31.67
KE,Kenya,2014,25,44.2,65.8,50.9,54.4,28.5,0.55,30.7
MG,Madagascar,2014,28,45,59.6,60.8,41.8,23.3,0.511,29.38
MW,Malawi,2014,33,55,58.7,48.8,39.6,35.3,0.473,28.29
ML,Mali,2014,32,33.9,60.6,48.9,38.3,25.1,0.438,36.29
MU,Mauritius,2014,54,76.2,84,74.5,63,30.2,0.779,27.69
MZ,Mozambique,2014,31,56.6,37,54.1,49.9,35,0.414,29.26
NE,Niger,2014,35,45.3,62.6,40.8,43.2,28.3,0.351,23.59
NG,Nigeria,2014,27,31.8,52.7,47.4,43.9,21.3,0.525,34.24
RW,Rwanda,2014,49,48.1,66.4,67.5,59.4,37.5,0.493,56.57
SN,Senegal,2014,43,55.2,65.2,43,42.4,23.9,0.491,26.68
ZA,South Africa,2014,44,63.5,75.5,70.8,63.8,32.7,0.665,23.19
TG,Togo,2014,29,44.2,56.7,43,42.7,21.1,0.484,29
UG,Uganda,2014,26,46,69.1,55.2,43.7,35.8,0.488,33.29
ZM,Zambia,2014,38,60.1,25.5,66.6,47,22,0.576,30.89
AR,Argentina,2015,32,49.6,40.3,54.2,35.9,36.3,0.827,26.11
BR,Brazil,2015,38,48.3,66.1,53.1,44.3,41.6,0.754,31.93
CA,Canada,2015,83,89.5,94.9,93.7,73.5,49.3,0.92,10.99
CL,Chile,2015,70,74.2,73.4,73.9,50.9,37.7,0.847,23
CO,Colombia,2015,37,37.7,64.9,72,53.7,35.8,0.727,39.08
CR,Costa Rica,2015,55,67.4,70.4,64,38.4,39.4,0.776,12.26
DO,Dominican Republic,2015,33,48.4,51.6,59.9,49.6,32.1,0.722,27.31
EC,Ecuador,2015,32,43.8,37.7,52.2,47.7,24.6,0.739,33.65
SV,El Salvador,2015,39,50.5,56.7,59.4,44.1,31.7,0.68,23.66
GT,Guatemala,2015,28,34.6,46.2,63.7,48.3,34.5,0.64,37.92
HN,Honduras,2015,31,37,42.2,54.9,48.1,34,0.625,39.27
JM,Jamaica,2015,41,54.7,66.8,68.8,46.3,31.8,0.73,11.18
MX,Mexico,2015,35,47.8,59.2,77.5,47,36.9,0.762,43.69
PA,Panama,2015,39,55.5,64.7,58.1,43.8,34.5,0.788,28.98
PY,Paraguay,2015,27,32.6,48.4,62.6,45.5,29.7,0.693,33.74
PE,Peru,2015,36,41.3,69.4,70.4,56.6,31.6,0.74,31.21
US,United States,2015,76,80.6,92.5,87.4,81.5,55.4,0.92,24.41
UY,Uruguay,2015,74,68.3,68,68.5,38.9,29.7,0.795,15.94
AU,Australia,2015,79,87.3,93.8,86.8,66.7,47.5,0.939,17.03
BD,Bangladesh,2015,25,21.8,39.4,61.6,39,25.6,0.579,42.95
KH,Cambodia,2015,21,38.4,53.7,53.1,60.6,33.3,0.563,40.99
CN,China,2015,37,45.6,49.6,66.7,49.3,44.9,0.738,73.55
IN,India,2015,38,35.5,62.4,52.2,46.5,26.4,0.624,40.49
ID,Indonesia,2015,36,43.4,19.6,56.4,44.4,24.6,0.689,40.75
JP,Japan,2015,75,86.5,90.6,82.4,64.3,50.4,0.903,26.95
MY,Malaysia,2015,50,68.3,65.4,81.5,58,47.5,0.789,43.29
MN,Mongolia,2015,39,51.6,68.9,69.7,56,36.9,0.735,25.25
NP,Nepal,2015,27,26.1,44.1,65,37.9,27.1,0.558,32.71
NZ,New Zealand,2015,88,94.3,98.3,86.5,67.6,45.8,0.915,10.06
PK,Pakistan,2015,30,9.9,44.3,57.2,35.8,22.4,0.55,50.46
PH,Philippines,2015,35,40.5,51.3,63.5,42.1,31.7,0.682,41.19
SG,Singapore,2015,85,97.3,98.5,90.5,71.6,63.1,0.925,45.87
LK,Sri Lanka,2015,37,42.1,21,61.9,44.9,28.3,0.766,60.28
TH,Thailand,2015,38,39.3,46.7,74.9,53.3,37.3,0.74,40.07
AL,Albania,2015,36,49,58.5,72.7,59.1,26.2,0.764,28.77
AM,Armenia,2015,35,54.5,70.3,76,54.7,31,0.743,28.43
AZ,Azerbaijan,2015,29,41.5,53,74.1,52,20.7,0.759,58.41
BY,Belarus,2015,32,39.7,47.1,72.8,56.1,30.3,0.796,47.98
BA,Bosnia and Herzegovina,2015,38,42.1,71,65.7,61.6,40.1,0.75,27.51
HR,Croatia,2015,51,69.7,71.5,74.1,47.1,37.9,0.827,26.12
GE,Georgia,2015,52,54.2,78,72.3,52.8,28,0.769,27.7
KZ,Kazakhstan,2015,28,40.8,66.3,77.2,43.4,27.2,0.794,53.46
KG,Kyrgyzstan,2015,28,32.1,54.9,61.3,49.8,28.9,0.664,30.69
ME,Montenegro,2015,44,60.9,71.1,76.6,51,34,0.807,34.63
RS,Serbia,2015,40,50.2,71.1,65.2,43.9,30.2,0.776,27.66
TJ,Tajikistan,2015,26,24.2,51,52.8,53.3,27.4,0.627,36.19
TR,Turkey,2015,42,43,55.7,68.9,49.5,26.3,0.767,44.16
UA,Ukraine,2015,27,34.6,59.2,63,43.9,32.4,0.743,39.1
AT,Austria,2015,76,90.5,95.9,79.5,56.5,47,0.893,10.85
BE,Belgium,2015,77,85.6,80.2,84.2,54.9,51,0.896,11.98
BG,Bulgaria,2015,41,57,75.8,76.3,48.9,36.4,0.794,32.91
CY,Cyprus,2015,61,77.4,86.6,75.5,64.3,39.2,0.856,16.52
CZ,Czech Republic,2015,56,77.6,75.6,75.9,52.4,45.3,0.878,11.62
DK,Denmark,2015,91,91.1,98.3,90,68.3,49.7,0.925,8.24
EE,Estonia,2015,70,75,86.3,81,54.6,43.4,0.865,11.19
FI,Finland,2015,90,98.9,96.9,91.8,61.5,58.8,0.895,7.52
FR,France,2015,70,77.9,87,80.3,59,49.3,0.897,21.15
DE,Germany,2015,81,84.8,81.5,83.4,59.2,49.2,0.926,11.47
GR,Greece,2015,46,56.4,73.1,75,51.2,30.8,0.866,31.01
HU,Hungary,2015,51,71.1,78.1,71,46,36.8,0.836,27.44
IS,Iceland,2015,79,88.4,90,84.9,52.7,46.4,0.921,13.87
IE,Ireland,2015,75,83.4,89.5,88.7,64,58.4,0.923,11.2
IT,Italy,2015,44,65.2,81.4,74.9,53.6,40.6,0.887,27.94
LV,Latvia,2015,55,71.8,80.7,80.6,52.4,38.3,0.83,18.12
LT,Lithuania,2015,61,75.3,70.2,75.3,51.9,36.5,0.848,18.8
LU,Luxembourg,2015,81,91.1,83.9,75.6,56.2,60.3,0.898,13.61
MT,Malta,2015,56,82.1,91.2,68.6,50.3,40.8,0.856,24.16
NL,Netherlands,2015,87,90.5,97,88.2,61.8,55.3,0.924,9.22
NO,Norway,2015,87,94.4,97.3,90.2,56.5,45.8,0.949,7.75
PL,Poland,2015,62,74.1,75.4,76.3,49,35.2,0.855,12.71
PT,Portugal,2015,63,78.5,77,86.1,55.4,35.3,0.843,17.11
RO,Romania,2015,46,53.7,78.5,76.9,45.3,34.7,0.802,24.9
SK,Slovakia,2015,51,76.9,72.2,76.2,50.4,36.7,0.845,11.66
SI,Slovenia,2015,60,77,81.7,79.8,46.9,42.1,0.89,20.55
ES,Spain,2015,58,68.5,77.4,79.7,64.7,38.2,0.884,19.95
SE,Sweden,2015,89,92.3,93.1,84.7,63.7,56.9,0.913,9.47
CH,Switzerland,2015,86,94.2,94.5,80.2,72.3,60,0.939,13.85
GB,United Kingdom,2015,81,78.6,95.4,87.9,74.3,53.6,0.91,20
DZ,Algeria,2015,36,30.2,52.2,52.8,36.8,20.9,0.745,36.63
BH,Bahrain,2015,51,44.1,80.2,71.7,46.8,38.1,0.824,58.69
EG,Egypt,2015,36,20.7,36.6,61,35.9,31.6,0.691,50.17
IL,Israel,2015,61,55.7,68.7,79.2,60.5,54.1,0.899,32.09
JO,Jordan,2015,53,43.6,77.2,65.7,38.9,32.8,0.742,42.07
KW,Kuwait,2015,49,53.5,56,66.6,43.7,22.1,0.8,30.84
LB,Lebanon,2015,28,26.5,67.5,65.4,42.4,32.6,0.763,31.81
MA,Morocco,2015,36,45.6,58.5,68.8,45.1,21.5,0.647,39.19
OM,Oman,2015,45,61.5,80.7,70.4,40.7,23,0.796,38.83
QA,Qatar,2015,71,82.3,70.6,80.3,45.9,27.7,0.856,35.35
SA,Saudi Arabia,2015,52,48.5,64.8,67.9,50.3,35.8,0.847,59.41
TN,Tunisia,2015,38,41.5,66.2,70.8,35,25.9,0.725,38.68
AE,United Arab Emirates,2015,70,79.9,83.3,77.6,48.1,45.2,0.84,36.73
YE,Yemen,2015,18,7.5,42,55.2,35.3,21.9,0.482,66.36
BW,Botswana,2015,63,69.6,68.6,68.8,43.9,27,0.698,22.91
BF,Burkina Faso,2015,38,35.1,66.8,55.1,42.9,37.4,0.402,23.79
CM,Cameroon,2015,27,34.7,49,49.7,40.6,28.2,0.518,39.63
ET,Ethiopia,2015,33,28.5,51.1,59.8,31.9,24.6,0.448,41.83
GN,Guinea,2015,25,19.8,57.7,40.4,35.4,19.7,0.414,32.56
KE,Kenya,2015,25,32,66.6,59.6,42.9,31.2,0.555,32.07
MG,Madagascar,2015,28,28.8,59.2,68.1,41.8,26.9,0.512,27.43
MW,Malawi,2015,31,42.4,59.5,53,39.2,43.7,0.476,26.41
ML,Mali,2015,35,20.6,60,54.5,41.2,31.1,0.442,36.33
MU,Mauritius,2015,53,76.2,83.5,82.4,63.7,29.5,0.781,27.69
MZ,Mozambique,2015,31,40.7,36.2,63.5,46,41.9,0.418,29.98
NE,Niger,2015,34,27.2,58.9,49.2,40.4,34.4,0.353,23.85
NG,Nigeria,2015,26,13.4,54.1,50,37.6,20.3,0.527,34.09
RW,Rwanda,2015,54,51.7,68.2,69.7,58.4,38.3,0.498,56.57
SN,Senegal,2015,44,45.2,65,52.6,46.1,28.3,0.494,27.77
ZA,South Africa,2015,44,57.9,76.1,80.9,59.1,34,0.666,22.06
TG,Togo,2015,32,29,55.8,56.7,45.6,28.2,0.487,28.5
UG,Uganda,2015,25,34.5,69.3,59,38.9,38,0.493,31.65
ZM,Zambia,2015,38,51.2,26.6,68.7,45,22.6,0.579,34.35
AR,Argentina,2016,36,49.4,38.5,53.7,35.7,30.8,0.8259999999999998,25.09
BR,Brazil,2016,40,48.6,64.6,52.6,43.9,37,0.7516666666666666,32.62
CA,Canada,2016,82,90,94.1,90.9,73.6,46.5,0.917,15.26
CL,Chile,2016,66,73,72,76,47.1,36.6,0.8443333333333333,19.23
CO,Colombia,2016,37,35.5,65.4,73.8,49.4,30.8,0.7236666666666667,44.11
CR,Costa Rica,2016,58,64.3,68.8,66.9,38.1,40.4,0.7729999999999999,11.1
DO,Dominican Republic,2016,31,47.3,52.4,61,45.5,32.1,0.7173333333333333,27.9
EC,Ecuador,2016,31,43.9,36.6,53.3,40.7,24.2,0.7383333333333333,33.21
SV,El Salvador,2016,36,48.8,57.2,59.6,40.5,28.6,0.6779999999999999,27.2
GT,Guatemala,2016,28,33,46.9,64.1,43.5,32.4,0.6303333333333333,38.03
HN,Honduras,2016,30,33.5,42.5,54.6,44.9,36.2,0.622,44.62
JM,Jamaica,2016,39,54,66.1,75.8,40.3,28.8,0.7286666666666666,12.45
MX,Mexico,2016,30,44.1,59,78.5,45.7,29.8,0.7579999999999999,49.33
PA,Panama,2016,38,56,64.7,58,42.3,30.7,0.7843333333333333,30.59
PY,Paraguay,2016,30,35.6,45.8,62.4,42.3,25,0.691,33.63
PE,Peru,2016,35,40.6,69.3,71.3,50,32.9,0.7373333333333333,29.99
US,United States,2016,74,78.9,90.9,87.4,86.6,52.4,0.918,22.49
UY,Uruguay,2016,71,70.1,67.7,69.2,35.9,25.6,0.7933333333333334,15.88
AU,Australia,2016,79,86.5,92.9,86.8,65.8,45,0.9373333333333334,17.84
BD,Bangladesh,2016,26,29.3,39.9,60.8,40.5,23.1,0.5746666666666665,45.94
KH,Cambodia,2016,21,41,53.4,58.8,48.4,36.5,0.558,40.7
CN,China,2016,40,49.9,50,65.8,56.6,53.8,0.7316666666666667,80.96
IN,India,2016,40,36.2,61.9,54.1,50.3,32.2,0.6153333333333333,43.17
ID,Indonesia,2016,37,46.2,20.9,57.7,43.3,23.7,0.6856666666666666,41.72
JP,Japan,2016,72,88.9,90,82.4,68.3,52.8,0.9013333333333332,28.67
MY,Malaysia,2016,49,71,60.9,80.7,55,41.8,0.7863333333333333,46.57
MN,Mongolia,2016,38,56,68.6,70,49.9,27.8,0.7323333333333333,27.61
NP,Nepal,2016,29,30.7,44.5,64.7,31.3,26,0.5546666666666666,32.62
NZ,New Zealand,2016,90,96.3,97.6,86.5,63.5,40.9,0.9126666666666666,10.01
PK,Pakistan,2016,32,10.3,44.9,56.1,35.7,25.3,0.5466666666666666,48.52
PH,Philippines,2016,35,44.9,51.6,63.9,38.3,30.3,0.679,44.66
SG,Singapore,2016,84,96.7,98.6,89.3,71.5,62.1,0.9236666666666667,52.96
LK,Sri Lanka,2016,36,49.1,21.5,62.2,38.1,24.8,0.7633333333333333,44.96
TH,Thailand,2016,35,44.4,46,73.9,51.4,35.3,0.7383333333333333,44.53
AL,Albania,2016,39,55.9,59.4,71.8,51.2,21.9,0.7623333333333333,29.92
AM,Armenia,2016,33,46,69.3,76.1,41.3,28.6,0.741,28.79
AZ,Azerbaijan,2016,30,40,53.8,75.4,52.1,19.7,0.7563333333333333,57.89
BY,Belarus,2016,40,45.6,47.9,74.5,39.1,28.7,0.7966666666666666,54.32
BA,Bosnia and Herzegovina,2016,39,43.7,69.9,62.5,42.8,27.1,0.7463333333333333,28.45
HR,Croatia,2016,49,68.1,70.4,74.4,42.2,34.6,0.8233333333333333,27.91
GE,Georgia,2016,57,54.8,79.3,73.6,44.3,26.5,0.7653333333333333,27.96
KZ,Kazakhstan,2016,29,51.4,67.2,80.9,38.6,25.4,0.7919999999999999,54.55
KG,Kyrgyzstan,2016,28,29.6,55.3,63.5,42.9,23.3,0.6606666666666667,30.16
ME,Montenegro,2016,45,57.7,70.9,79,43.8,36,0.8046666666666666,32.79
RS,Serbia,2016,42,54.4,72.9,69.8,34.3,28.1,0.7739999999999999,27.6
TJ,Tajikistan,2016,25,32.2,53.3,54.3,50.4,22.7,0.6246666666666667,50.34
TR,Turkey,2016,41,43.1,54.2,66.6,47.7,27.6,0.7633333333333333,50.76
UA,Ukraine,2016,29,21.7,59.2,65.2,42.1,30.6,0.7456666666666667,32.93
AT,Austria,2016,75,88.8,94.4,79.6,51.3,47.6,0.8923333333333333,13.18
BE,Belgium,2016,77,79.3,78.1,84.1,49.7,46.7,0.8936666666666666,14.18
BG,Bulgaria,2016,41,53.2,75.4,74.7,43.7,36.2,0.7909999999999999,34.46
CY,Cyprus,2016,55,75.3,86.3,83.3,56.8,40.6,0.8533333333333333,18.26
CZ,Czech Republic,2016,55,77.2,74.3,76.7,50.5,42.9,0.8746666666666666,16.66
DK,Denmark,2016,90,87.8,96.6,90.3,71.3,47.9,0.9246666666666666,8.89
EE,Estonia,2016,70,74.9,87,81.6,46,40.7,0.8626666666666666,14.31
FI,Finland,2016,89,94.9,95.9,92.1,62.7,57.3,0.8926666666666666,8.59
FR,France,2016,69,74.9,85,81.2,61.9,48,0.8936666666666666,23.83
DE,Germany,2016,81,86.6,81.6,84.1,59.7,48.3,0.9233333333333333,14.8
GR,Greece,2016,44,56.7,69.4,75.1,49,27.2,0.8643333333333333,30.35
HU,Hungary,2016,48,67.1,75.4,71.4,41,40.1,0.8346666666666667,28.17
IS,Iceland,2016,78,87.2,86.2,85.9,48.2,45.3,0.9183333333333332,15.3
IE,Ireland,2016,73,86.4,88.8,89.2,56.9,53.8,0.9176666666666666,12.4
IT,Italy,2016,47,62.4,79.2,76.8,53.6,37.8,0.8816666666666666,28.93
LV,Latvia,2016,57,71.4,80.7,81.1,48.6,36.6,0.8266666666666667,17.38
LT,Lithuania,2016,59,74.5,69.7,75.7,45,35.7,0.845,19.95
LU,Luxembourg,2016,81,91.2,81.5,73.5,42.5,59.9,0.8953333333333333,14.43
MT,Malta,2016,55,79.1,87.3,69.7,39.5,44.6,0.852,23.84
NL,Netherlands,2016,83,89.4,95.7,87.9,58.1,53.7,0.9233333333333332,8.76
NO,Norway,2016,85,90.2,95.2,90.5,52.3,45.7,0.9473333333333331,8.79
PL,Poland,2016,62,73.2,74,78.7,46.5,34.6,0.8523333333333333,23.89
PT,Portugal,2016,62,74.8,75.9,86.5,50.2,34.5,0.8403333333333332,17.27
RO,Romania,2016,48,51.9,77.6,77.5,41.8,30.2,0.7989999999999999,24.29
SK,Slovakia,2016,51,75.8,70.8,78.5,44.2,34.5,0.8426666666666666,13.26
SI,Slovenia,2016,61,74.8,80.5,87.2,40.5,42.5,0.8886666666666667,22.26
ES,Spain,2016,58,70.9,74.3,80.5,62.3,36.5,0.881,19.92
SE,Sweden,2016,88,89.2,90.2,85.6,66.2,56.8,0.9093333333333333,12.33
CH,Switzerland,2016,86,96,94.7,80.1,69.8,57.6,0.9376666666666666,11.76
GB,United Kingdom,2016,81,78.9,94.7,89.3,71.6,49.2,0.9073333333333333,21.7
DZ,Algeria,2016,34,29.3,51.7,56.3,31.7,21.2,0.743,41.69
BH,Bahrain,2016,43,47.5,80.1,71.8,38.7,32.1,0.8223333333333332,54.86
EG,Egypt,2016,34,19.9,36,61.2,34.2,20,0.6883333333333332,54.45
IL,Israel,2016,64,54.7,68.1,78.2,56.5,53.9,0.8973333333333333,32.58
JO,Jordan,2016,48,45.9,76.5,65.6,32,21.5,0.74,44.49
KW,Kuwait,2016,41,50.6,52.5,67.9,46,12.9,0.7953333333333332,32.59
LB,Lebanon,2016,28,24.3,66.2,65.8,37.9,31.7,0.7629999999999999,31.95
MA,Morocco,2016,37,44.1,60,68.3,38,18.3,0.6439999999999999,42.64
OM,Oman,2016,45,63.1,80.8,69.1,39,19.1,0.7956666666666666,40.43
QA,Qatar,2016,61,77.2,67.5,80.3,42.8,29.3,0.855,35.97
SA,Saudi Arabia,2016,46,51.1,63.3,59.3,49.6,31.3,0.8443333333333333,59.72
TN,Tunisia,2016,41,37.6,66,71.2,29,23.7,0.7233333333333333,31.6
AE,United Arab Emirates,2016,66,81.6,83.4,77.7,48.7,44.8,0.836,36.73
YE,Yemen,2016,14,0,41.2,55.3,33.8,8.6,0.4936666666666666,67.07
BW,Botswana,2016,60,68.1,67.3,69.4,42.8,23.9,0.6976666666666665,22.91
BF,Burkina Faso,2016,42,33.4,65.1,61,29.3,41.9,0.39966666666666667,22.66
CM,Cameroon,2016,26,28.9,50,50.1,34.5,24.9,0.5129999999999999,40.53
ET,Ethiopia,2016,34,29,53.3,56.4,26.3,21.6,0.44133333333333336,45.13
GN,Guinea,2016,27,22.5,55.5,49,24.8,21.1,0.4133333333333333,33.08
KE,Kenya,2016,26,31,68.1,59,41.2,31.6,0.5503333333333333,31.16
MG,Madagascar,2016,26,26.4,57.2,63.4,36.1,20.5,0.5106666666666666,27.04
MW,Malawi,2016,31,42.9,58.2,53.6,30.7,35.7,0.4716666666666666,28.12
ML,Mali,2016,32,13.8,59.9,55.5,28.2,29.2,0.43666666666666665,39.83
MU,Mauritius,2016,54,75.8,82.3,83.5,49.5,25.6,0.7763333333333333,27.69
MZ,Mozambique,2016,27,36.4,36.1,65.9,38.2,37.1,0.4136666666666666,30.25
NE,Niger,2016,35,24.9,58.6,56.8,25.8,30,0.3496666666666666,24.62
NG,Nigeria,2016,28,8.2,53.8,46.7,43.3,20.1,0.5243333333333333,35.9
RW,Rwanda,2016,54,50,69.7,70.8,55.5,38.7,0.493,54.61
SN,Senegal,2016,45,43.9,64.2,53.2,32.1,25,0.4893333333333333,27.99
ZA,South Africa,2016,45,54.6,74.6,78.1,58.7,32.2,0.6636666666666666,21.92
TG,Togo,2016,32,31.4,57.3,57.7,30.2,23.4,0.482,30.31
UG,Uganda,2016,25,33.9,67.6,59.6,35,31.9,0.48799999999999993,32.58
ZM,Zambia,2016,38,47,26.1,69.1,36.6,17.4,0.575,35.08
AR,Argentina,2017,39,51.1,36.3,51.7,37.7,33.6,0.8263333333333333,25.07
BR,Brazil,2017,37,46,60.2,49.1,44.2,37.2,0.7532222222222221,33.58
CA,Canada,2017,82,90.7,92.7,89.5,73.7,47.8,0.9186666666666666,16.53
CL,Chile,2017,67,71.8,69.6,69.7,49.8,36.5,0.8454444444444443,20.53
CO,Colombia,2017,37,39.7,62.4,73.4,53.1,32.9,0.7248888888888888,41.47
CR,Costa Rica,2017,59,64.9,66.4,66.7,38.4,35.2,0.7746666666666666,11.93
DO,Dominican Republic,2017,29,50.6,48.8,55.9,45.4,31.9,0.719111111111111,26.76
EC,Ecuador,2017,32,46.2,32,51.7,45.8,25.1,0.7387777777777778,33.64
SV,El Salvador,2017,33,49.3,52.6,58.7,42.2,28.2,0.6786666666666666,27.24
GT,Guatemala,2017,28,36,43.1,60.5,43.8,36.2,0.6357777777777778,39.33
HN,Honduras,2017,29,36.3,38.8,54.5,45.9,31.3,0.6233333333333333,43.75
JM,Jamaica,2017,44,57.3,63.4,76.6,39.8,31.3,0.7292222222222222,12.73
MX,Mexico,2017,29,45.1,55.6,74.9,50,30.8,0.7593333333333332,48.97
PA,Panama,2017,37,61.8,61.9,57.8,43,26.4,0.7857777777777777,32.12
PY,Paraguay,2017,29,40.6,42.4,57.6,50.5,26.9,0.692,35.64
PE,Peru,2017,37,43.3,66.3,66.6,54.8,35.7,0.738111111111111,30.98
US,United States,2017,75,80.3,90.4,88.1,83.4,56.4,0.9186666666666667,23.88
UY,Uruguay,2017,70,71.9,65.5,69.4,36.5,25.6,0.7941111111111112,17.43
AU,Australia,2017,77,83.9,91.2,86.9,65.3,45.4,0.9377777777777777,16.02
BD,Bangladesh,2017,28,29.6,36.6,54.8,38.3,25.6,0.5762222222222222,48.36
KH,Cambodia,2017,21,42.9,49.3,55,52.4,23.3,0.5596666666666666,42.07
CN,China,2017,41,51.6,47,65.8,54.7,54.5,0.7345555555555555,77.66
IN,India,2017,40,43.1,59.8,51.2,51.9,34.6,0.6181111111111111,42.94
ID,Indonesia,2017,37,42.9,16.7,64,46,26.2,0.6868888888888889,39.93
JP,Japan,2017,73,87.9,89,85.5,64.3,54.5,0.9021111111111111,29.44
MY,Malaysia,2017,47,67.7,58.3,75.1,57.6,35.7,0.7874444444444444,46.89
MN,Mongolia,2017,36,55.7,64.7,73.4,52.6,29.3,0.7334444444444443,28.95
NP,Nepal,2017,31,28.4,41.2,62.2,44.1,26.2,0.5558888888888889,33.02
NZ,New Zealand,2017,89,95.4,97.6,87.4,66.3,44,0.9135555555555555,13.98
PK,Pakistan,2017,32,13.7,41.6,58.8,38.3,29,0.5482222222222222,43.55
PH,Philippines,2017,34,44.2,48.4,63.3,41.3,36.9,0.6799999999999999,41.08
SG,Singapore,2017,84,96.9,98.6,87.5,71.2,62.9,0.9242222222222223,51.1
LK,Sri Lanka,2017,38,52.7,20.6,62.5,42.2,28,0.7644444444444443,44.34
TH,Thailand,2017,37,46,43.8,77.6,51.2,31.8,0.7387777777777778,44.69
AL,Albania,2017,38,57.7,56.3,75.9,51.7,25.3,0.7627777777777778,29.92
AM,Armenia,2017,35,47.7,66.5,71.5,50.5,27.7,0.7416666666666667,30.38
AZ,Azerbaijan,2017,31,41.6,50.8,75.3,55.3,23.8,0.7577777777777777,56.4
BY,Belarus,2017,44,46.9,44.7,70.8,41.9,32.2,0.7968888888888889,52.43
BA,Bosnia and Herzegovina,2017,38,40.5,65.9,64,43.4,27.4,0.7477777777777778,27.83
HR,Croatia,2017,49,66.5,67.1,74.3,42.1,35.1,0.8244444444444443,29.59
GE,Georgia,2017,56,53.3,77.8,74.5,49.2,25.6,0.7674444444444444,27.76
KZ,Kazakhstan,2017,31,51.1,66.9,80.2,43.2,27.6,0.7929999999999999,54.01
KG,Kyrgyzstan,2017,29,30.8,50.9,61.2,46.9,27.5,0.6622222222222223,30.92
ME,Montenegro,2017,46,56.6,68.9,79.6,45.9,34.1,0.8052222222222223,33.65
RS,Serbia,2017,41,57.2,70.6,75.2,38.7,28.9,0.7749999999999999,28.05
TJ,Tajikistan,2017,21,32,49.1,58,53.6,24.2,0.6255555555555555,50.27
TR,Turkey,2017,40,40.5,50.5,60.9,47.8,29.3,0.7647777777777778,52.98
UA,Ukraine,2017,30,23,55.9,64.9,43.2,35.3,0.7455555555555555,33.19
AT,Austria,2017,75,86.3,93,82,53.1,50.3,0.8924444444444444,13.47
BE,Belgium,2017,75,78.8,77.4,85.4,51.8,48.5,0.8948888888888888,12.75
BG,Bulgaria,2017,43,56,72.4,73,43.9,41.4,0.7923333333333333,35.01
CY,Cyprus,2017,57,72.9,84.6,85.7,57.9,42.7,0.8544444444444443,19.79
CZ,Czech Republic,2017,57,78.1,73.4,81.3,50.2,45.9,0.8758888888888888,16.91
DK,Denmark,2017,88,87.6,96.4,90.3,70.2,52.5,0.9242222222222222,10.36
EE,Estonia,2017,71,74.5,85.8,82.9,55,43.4,0.8635555555555555,13.55
FI,Finland,2017,85,89,95.1,92.4,61.6,60.1,0.8935555555555555,8.92
FR,France,2017,70,74.8,84.2,82.9,64.3,50.6,0.8948888888888888,22.24
DE,Germany,2017,81,84,80.6,85.9,60,51.4,0.9244444444444444,14.97
GR,Greece,2017,48,53.4,66.9,75.2,50.2,28.8,0.865111111111111,30.89
HU,Hungary,2017,45,68.2,72.9,71,41.5,37.8,0.8348888888888888,29.01
IS,Iceland,2017,77,87.6,85.8,86.4,55.2,49.8,0.9194444444444444,13.03
IE,Ireland,2017,74,84,88.8,90.1,55,54.5,0.9202222222222222,14.08
IT,Italy,2017,50,63,76.9,75.9,52.6,39.6,0.8832222222222221,26.26
LV,Latvia,2017,58,72.6,78.1,82.6,52.1,38.2,0.8282222222222222,18.62
LT,Lithuania,2017,59,76.9,69.4,75.9,53,37.8,0.8463333333333332,21.37
LU,Luxembourg,2017,82,92.2,81.2,74.3,43.4,57.8,0.8964444444444444,14.72
MT,Malta,2017,56,76.5,86.3,70,45.4,49,0.8536666666666666,24.76
NL,Netherlands,2017,82,87.9,88.1,88.7,59,63.7,0.9234444444444444,11.28
NO,Norway,2017,85,90.8,94.9,89.6,57.2,48.3,0.948111111111111,7.6
PL,Poland,2017,60,73.9,71.9,81.1,48.2,37.4,0.8531111111111112,26.47
PT,Portugal,2017,63,79.4,75.8,87.3,51.1,35.4,0.8414444444444443,15.77
RO,Romania,2017,48,54.9,75.3,76.8,44.2,33,0.7996666666666666,24.46
SK,Slovakia,2017,50,75.4,68.3,79.9,45.8,38.3,0.8432222222222221,15.51
SI,Slovenia,2017,61,76.7,78.7,87.3,43.1,43.4,0.8888888888888888,21.7
ES,Spain,2017,57,71.6,72.7,83.3,59,38.4,0.8823333333333332,18.69
SE,Sweden,2017,84,88,90.5,86.5,64.9,62.6,0.9104444444444444,8.27
CH,Switzerland,2017,85,94.7,93.9,79.8,67.5,62.6,0.9382222222222221,12.13
GB,United Kingdom,2017,82,82.1,94.1,89.1,70.2,52.2,0.9084444444444444,22.26
DZ,Algeria,2017,33,33.8,47.6,59.7,29.5,21,0.7436666666666667,42.83
BH,Bahrain,2017,36,47.3,79,75.6,42.7,26.8,0.823111111111111,58.88
EG,Egypt,2017,32,26.9,33.1,61.3,36.7,21,0.689111111111111,55.78
IL,Israel,2017,62,57.1,67.8,78.7,61.5,61.5,0.8981111111111111,31.01
JO,Jordan,2017,48,47.8,74.1,63,32.3,24.7,0.741,43.24
KW,Kuwait,2017,39,51.4,49.7,66.3,47.8,15.2,0.798111111111111,33.61
LB,Lebanon,2017,28,26.1,55.8,61.9,39.4,33.5,0.7629999999999999,33.01
MA,Morocco,2017,40,48.1,56.2,69.9,42.1,20.5,0.6453333333333333,42.42
OM,Oman,2017,44,62.6,77.5,75.4,44.2,17,0.7955555555555555,40.46
QA,Qatar,2017,63,77.6,66.2,74.6,42.6,28,0.8553333333333333,39.83
SA,Saudi Arabia,2017,49,49.1,56.9,51.4,49.4,35,0.8454444444444443,66.02
TN,Tunisia,2017,42,41.1,54,69.5,38.7,23.2,0.7237777777777777,32.22
AE,United Arab Emirates,2017,71,81.9,82.8,77.1,52.9,47.8,0.8373333333333333,39.39
YE,Yemen,2017,16,0,35.1,56.6,32.1,19.5,0.4915555555555555,65.8
BW,Botswana,2017,61,72.1,64.6,69.1,49.3,27.1,0.6978888888888888,24.93
BF,Burkina Faso,2017,42,37.6,61.7,61,29.7,52.2,0.40022222222222226,23.85
CM,Cameroon,2017,25,31.2,45.8,49.8,33.7,24,0.5149999999999999,41.59
ET,Ethiopia,2017,35,26.8,49.7,55.2,24.8,24.2,0.4434444444444444,50.34
GN,Guinea,2017,27,33,54.3,47.8,26.3,19.3,0.4137777777777777,33.15
KE,Kenya,2017,28,33.7,64.9,62.7,48.2,33.2,0.5517777777777778,31.2
MG,Madagascar,2017,24,31.5,53.9,60.8,36.9,22.7,0.5112222222222222,26.71
MW,Malawi,2017,31,43.5,54.1,56.2,32,32,0.4735555555555555,28.97
ML,Mali,2017,31,21.2,55.6,61,28.6,29.4,0.4388888888888889,38.27
MU,Mauritius,2017,50,77.8,81,81.2,50.6,27.7,0.7787777777777778,26.67
MZ,Mozambique,2017,25,36.5,31.7,65.5,35.8,24.4,0.41522222222222216,31.05
NE,Niger,2017,33,33.3,55.4,58.9,28,30.6,0.3512222222222222,27.21
NG,Nigeria,2017,27,15.7,57.4,45.8,40.2,21.7,0.5254444444444444,39.69
RW,Rwanda,2017,55,51.5,67.6,71.6,40.9,37,0.49466666666666664,54.11
SN,Senegal,2017,45,45.4,61.4,56.8,32.4,24.5,0.49144444444444435,26.72
ZA,South Africa,2017,43,54.3,71.4,73.2,57.4,34.4,0.6648888888888889,20.12
TG,Togo,2017,32,35.7,54.2,58.2,30.7,21.9,0.4843333333333333,30.75
UG,Uganda,2017,26,36.3,65.7,61.8,36.7,33.6,0.4896666666666666,35.94
ZM,Zambia,2017,37,46.9,23.7,70.2,38.4,18.3,0.5766666666666665,36.48
